ip_split1,ip_split2,ip_split3,ip_split4
60,156,229,65
126,22,101,59
126,220,222,4
60,96,27,125
222,228,95,220
126,92,172,72
60,137,239,251
60,143,83,13
60,128,233,112
60,151,242,111
58,188,99,94
60,110,73,63
60,93,55,133
60,109,26,127
126,91,144,113
60,130,205,98
60,107,158,201
60,107,168,244
60,137,208,221
126,241,46,194
60,150,175,136
60,135,141,39
126,92,9,160
60,122,16,243
60,151,15,254
122,218,138,181
149,54,212,106
60,110,116,12
126,23,199,44
60,122,119,86
126,142,237,153
126,145,228,81
126,34,164,95
60,130,201,156
60,143,60,222
202,231,75,157
60,105,111,61
60,107,158,176
126,92,30,209
60,139,174,216
60,134,114,95
60,135,250,106
60,150,81,194
220,147,110,80
133,206,59,192
60,140,253,88
60,139,182,161
60,151,201,184
60,156,231,185
60,153,158,201
160,86,231,110
60,110,108,175
60,151,201,109
60,107,245,99
126,241,4,187
126,119,137,190
126,145,200,54
126,220,56,180
60,105,67,195
60,122,84,25
60,122,84,45
60,137,131,66
160,86,247,55
60,142,214,198
126,142,118,40
60,96,76,145
60,105,144,144
126,145,222,177
126,207,8,196
60,94,106,92
60,96,69,82
60,96,95,226
60,94,96,246
60,83,71,196
60,141,174,202
147,192,177,4
183,76,187,82
126,23,224,115
60,134,114,131
126,91,244,111
126,145,123,183
60,149,36,227
126,34,164,9
60,94,95,236
126,91,35,128
60,106,179,195
126,207,61,204
126,23,224,211
60,122,100,130
60,150,126,35
126,23,211,220
220,147,128,18
60,128,103,65
126,34,191,226
60,135,211,86
220,247,29,113
60,156,231,143
126,142,239,12
126,34,251,61
126,207,156,174
118,236,65,156
126,142,87,253
126,22,27,130
60,106,135,223
126,22,65,161
126,207,78,79
126,142,97,41
223,132,132,76
126,219,32,140
126,241,30,238
126,153,200,136
60,151,115,229
60,94,243,224
60,139,46,251
126,60,196,42
126,241,91,218
126,145,16,178
60,137,133,166
126,34,156,37
60,130,205,229
126,142,71,196
60,106,153,127
220,147,157,186
60,151,74,146
126,142,34,51
60,153,133,105
60,145,147,120
126,91,43,49
126,145,53,67
202,231,74,181
126,92,0,84
60,105,135,28
60,108,70,78
60,108,38,225
60,145,175,58
60,94,254,245
126,145,177,153
60,156,231,136
126,92,30,178
160,86,169,40
60,137,140,123
60,145,180,149
220,157,196,94
126,207,79,174
126,241,28,160
58,188,101,10
60,150,67,218
60,108,66,11
163,139,251,245
60,108,38,226
126,207,78,75
160,86,232,7
60,101,124,245
60,110,72,77
126,142,223,178
60,143,126,220
60,94,243,222
126,220,56,199
60,109,62,64
60,94,96,206
60,140,146,240
126,145,176,189
221,247,47,92
126,22,37,35
60,130,52,40
126,34,191,184
126,219,35,68
60,110,13,153
60,127,253,235
60,94,209,227
60,107,159,122
60,101,66,170
126,142,117,212
160,86,183,14
60,130,129,131
126,34,218,232
60,96,55,83
60,130,197,41
60,105,95,59
60,135,241,243
60,105,77,32
126,22,65,236
60,101,124,20
126,91,15,77
60,154,70,129
60,151,101,254
60,148,218,150
60,143,33,27
60,94,207,48
60,94,83,51
126,241,30,83
126,142,106,65
60,96,80,94
60,127,253,204
60,127,153,35
126,220,56,125
60,137,129,147
60,139,130,8
126,220,57,233
60,106,179,214
126,92,30,213
60,142,237,166
60,137,141,220
126,219,216,121
60,108,70,239
126,34,251,198
60,108,1,108
60,139,91,17
118,237,16,40
60,140,253,107
126,207,218,211
126,219,168,62
36,3,237,81
60,143,82,186
60,151,230,24
183,177,169,179
60,142,244,76
183,180,64,35
60,105,145,52
60,128,168,157
60,150,105,44
60,110,116,17
126,91,67,244
60,148,216,210
60,148,250,72
60,139,26,62
60,128,58,162
126,34,140,216
60,83,100,172
126,91,67,94
60,105,135,127
126,23,199,241
60,96,196,181
60,130,247,33
219,75,253,3
60,128,194,93
121,80,100,93
60,108,64,26
60,139,92,87
121,86,169,35
60,108,1,92
60,139,67,10
222,228,87,79
111,217,67,83
126,23,199,116
60,140,149,177
133,175,177,55
60,145,155,119
218,251,122,98
202,239,215,58
58,70,78,70
60,150,80,248
126,219,20,48
126,34,247,38
119,228,208,143
220,147,122,35
60,151,46,101
113,37,131,146
121,86,101,8
126,34,223,81
126,34,166,16
60,152,228,141
222,228,132,140
60,134,30,155
60,96,55,183
126,91,67,28
60,101,123,212
60,128,4,207
126,241,112,242
133,206,32,64
126,91,240,132
60,140,149,103
112,70,223,117
160,86,232,199
126,34,218,110
126,23,225,234
60,143,33,228
119,243,162,0
60,151,221,213
90,149,137,13
153,239,206,1
126,92,204,233
60,149,25,222
125,194,84,190
90,149,188,161
150,147,100,183
160,86,183,8
60,151,120,163
126,241,28,147
60,151,62,86
126,145,44,21
115,163,87,20
210,147,49,185
133,130,202,141
123,198,138,143
113,39,69,146
60,130,205,52
182,158,158,192
124,44,90,53
221,240,43,102
150,31,132,55
119,245,10,179
61,86,200,41
210,149,49,19
211,3,192,181
222,228,130,188
126,59,246,28
126,60,189,177
210,165,65,100
121,86,5,165
119,231,36,171
219,102,144,62
125,103,52,134
14,10,58,66
133,155,245,142
180,131,111,241
113,32,251,242
119,241,61,59
114,172,170,142
150,31,86,237
120,74,55,159
126,62,60,81
220,157,196,201
119,243,162,195
111,89,112,98
160,86,245,178
203,202,199,236
133,155,221,185
126,28,213,176
149,54,202,253
210,165,226,75
150,31,14,236
180,221,189,128
114,172,170,116
153,246,184,0
211,125,220,96
210,1,176,16
61,197,115,113
128,53,165,209
90,149,173,179
219,106,129,82
61,115,222,151
90,149,173,165
210,153,169,31
111,89,102,40
133,155,223,125
124,154,151,183
133,155,16,31
218,218,123,218
153,142,71,109
133,155,238,129
217,178,98,88
133,218,186,166
131,213,66,153
133,130,203,7
111,67,167,92
219,106,129,65
128,53,157,186
210,153,169,226
157,65,106,48
133,155,223,138
114,164,225,198
153,203,9,34
219,102,136,189
133,155,237,99
153,246,180,121
124,154,149,157
133,155,51,83
133,218,186,80
153,207,92,8
114,172,171,170
114,167,35,71
111,67,167,117
153,229,94,23
61,12,232,135
149,54,206,128
133,155,123,161
27,127,189,226
110,1,102,250
124,154,44,218
219,106,146,194
27,127,148,126
180,0,131,212
153,239,149,129
27,127,133,11
114,167,37,100
118,6,230,29
153,164,205,43
125,9,83,182
133,218,186,148
133,155,245,179
180,221,225,143
180,221,254,136
133,137,249,7
111,89,194,37
153,169,132,157
153,156,191,98
153,228,237,211
180,221,207,113
180,221,193,170
180,221,202,187
180,0,105,54
122,18,144,84
180,221,229,112
114,171,254,35
180,221,192,105
180,221,230,113
153,229,32,131
153,170,134,247
211,120,186,55
219,115,16,116
118,8,31,38
118,8,81,179
180,221,248,173
211,135,118,12
122,196,124,80
180,221,191,219
180,221,191,16
61,115,162,205
180,221,233,23
218,220,189,220
180,221,251,29
202,229,49,177
180,221,51,141
202,229,48,245
180,40,216,60
122,196,212,6
